Workbook

Sheet Ingredientes
A1: Detalles de formulación | G1: Proximates | I1: Vitamins and Other Components | Q1: Lipids | AL1: Phytosterols
A2: FDC ID | B2: Ingrediente | C2: Marca / Origen | D2: Tipo de dato | E2: Cantidad (g) | F2: Cantidad (%) | G2: Total lipid (fat) (g) | H2: Total fat (NLEA) (g) | I2: Vitamin E (alpha-tocopherol) (mg) | J2: Tocopherol, beta (mg) | K2: Tocopherol, gamma (mg) | L2: Tocopherol, delta (mg) | M2: Tocotrienol, alpha (mg) | N2: Tocotrienol, beta (mg) | O2: Tocotrienol, gamma (mg) | P2: Tocotrienol, delta (mg) | Q2: Fatty acids, total saturated (g) | R2: SFA 14:0 (g) | S2: SFA 15:0 (g) | T2: SFA 16:0 (g) | U2: SFA 17:0 (g) | V2: SFA 18:0 (g) | W2: SFA 20:0 (g) | X2: SFA 21:0 (g) | Y2: SFA 22:0 (g) | Z2: SFA 24:0 (g) | AA2: Fatty acids, total monounsaturated (g) | AB2: MUFA 16:1 c (g) | AC2: MUFA 18:1 c (g) | AD2: MUFA 20:1 c (g) | AE2: Fatty acids, total polyunsaturated (g) | AF2: PUFA 18:2 c (g) | AG2: PUFA 18:2 n-6 c,c (g) | AH2: PUFA 18:3 c (g) | AI2: PUFA 18:3 n-3 c,c,c (ALA) (g) | AJ2: PUFA 20:3 c (g) | AK2: PUFA 20:3 n-6 (g) | AL2: Stigmasterol (mg) | AM2: Campesterol (mg) | AN2: Brassicasterol (mg) | AO2: Beta-sitosterol (mg) | AP2: Campestanol (mg) | AQ2: Beta-sitostanol (mg) | AR2: Delta-5-avenasterol (mg) | AS2: Phytosterols, other (mg)
A3: 748278 | B3: Oil, canola | D3: Foundation | E3: 100 | F3: =E3/SUM($E$3:$E$3) | G3: 94.5 | H3: 94.5 | I3: 17.3 | J3: 0 | K3: 41.3 | L3: 1.48 | M3: 0 | N3: 8.07 | O3: 0 | P3: 0 | Q3: 6.61 | R3: 0.047 | S3: 0.018 | T3: 3.86 | U3: 0.041 | V3: 1.66 | W3: 0.537 | X3: 0.011 | Y3: 0.27 | Z3: 0.15 | AA3: 62.6 | AB3: 0.205 | AC3: 60.3 | AD3: 1.89 | AE3: 25.3 | AF3: 17.8 | AG3: 17.8 | AH3: 7.45 | AI3: 7.45 | AJ3: 0 | AK3: 0 | AL3: 2.38 | AM3: 260 | AN3: 78.2 | AO3: 368 | AP3: 0 | AQ3: 0 | AR3: 24.7 | AS3: 14.7
A4: Total | B4: Formulado | C4: Formulado | D4: Formulado | E4: =SUBTOTAL(9,E3:E3) | F4: 100% | G4: =SUMPRODUCT($F$3:$F$3,$G$3:$G$3) | H4: =SUMPRODUCT($F$3:$F$3,$H$3:$H$3) | I4: =SUMPRODUCT($F$3:$F$3,$I$3:$I$3) | J4: =SUMPRODUCT($F$3:$F$3,$J$3:$J$3) | K4: =SUMPRODUCT($F$3:$F$3,$K$3:$K$3) | L4: =SUMPRODUCT($F$3:$F$3,$L$3:$L$3) | M4: =SUMPRODUCT($F$3:$F$3,$M$3:$M$3) | N4: =SUMPRODUCT($F$3:$F$3,$N$3:$N$3) | O4: =SUMPRODUCT($F$3:$F$3,$O$3:$O$3) | P4: =SUMPRODUCT($F$3:$F$3,$P$3:$P$3) | Q4: =SUMPRODUCT($F$3:$F$3,$Q$3:$Q$3) | R4: =SUMPRODUCT($F$3:$F$3,$R$3:$R$3) | S4: =SUMPRODUCT($F$3:$F$3,$S$3:$S$3) | T4: =SUMPRODUCT($F$3:$F$3,$T$3:$T$3) | U4: =SUMPRODUCT($F$3:$F$3,$U$3:$U$3) | V4: =SUMPRODUCT($F$3:$F$3,$V$3:$V$3) | W4: =SUMPRODUCT($F$3:$F$3,$W$3:$W$3) | X4: =SUMPRODUCT($F$3:$F$3,$X$3:$X$3) | Y4: =SUMPRODUCT($F$3:$F$3,$Y$3:$Y$3) | Z4: =SUMPRODUCT($F$3:$F$3,$Z$3:$Z$3) | AA4: =SUMPRODUCT($F$3:$F$3,$AA$3:$AA$3) | AB4: =SUMPRODUCT($F$3:$F$3,$AB$3:$AB$3) | AC4: =SUMPRODUCT($F$3:$F$3,$AC$3:$AC$3) | AD4: =SUMPRODUCT($F$3:$F$3,$AD$3:$AD$3) | AE4: =SUMPRODUCT($F$3:$F$3,$AE$3:$AE$3) | AF4: =SUMPRODUCT($F$3:$F$3,$AF$3:$AF$3) | AG4: =SUMPRODUCT($F$3:$F$3,$AG$3:$AG$3) | AH4: =SUMPRODUCT($F$3:$F$3,$AH$3:$AH$3) | AI4: =SUMPRODUCT($F$3:$F$3,$AI$3:$AI$3) | AJ4: =SUMPRODUCT($F$3:$F$3,$AJ$3:$AJ$3) | AK4: =SUMPRODUCT($F$3:$F$3,$AK$3:$AK$3) | AL4: =SUMPRODUCT($F$3:$F$3,$AL$3:$AL$3) | AM4: =SUMPRODUCT($F$3:$F$3,$AM$3:$AM$3) | AN4: =SUMPRODUCT($F$3:$F$3,$AN$3:$AN$3) | AO4: =SUMPRODUCT($F$3:$F$3,$AO$3:$AO$3) | AP4: =SUMPRODUCT($F$3:$F$3,$AP$3:$AP$3) | AQ4: =SUMPRODUCT($F$3:$F$3,$AQ$3:$AQ$3) | AR4: =SUMPRODUCT($F$3:$F$3,$AR$3:$AR$3) | AS4: =SUMPRODUCT($F$3:$F$3,$AS$3:$AS$3)

Sheet Totales
A1: Nutriente | B1: Total | C1: Unidad
A2: Total lipid (fat) | B2: =Ingredientes!G4 | C2: g
A3: Total fat (NLEA) | B3: =Ingredientes!H4 | C3: g
A4: Vitamin E (alpha-tocopherol) | B4: =Ingredientes!I4 | C4: mg
A5: Tocopherol, beta | B5: =Ingredientes!J4 | C5: mg
A6: Tocopherol, gamma | B6: =Ingredientes!K4 | C6: mg
A7: Tocopherol, delta | B7: =Ingredientes!L4 | C7: mg
A8: Tocotrienol, alpha | B8: =Ingredientes!M4 | C8: mg
A9: Tocotrienol, beta | B9: =Ingredientes!N4 | C9: mg
A10: Tocotrienol, gamma | B10: =Ingredientes!O4 | C10: mg
A11: Tocotrienol, delta | B11: =Ingredientes!P4 | C11: mg
A12: Fatty acids, total saturated | B12: =Ingredientes!Q4 | C12: g
A13: SFA 14:0 | B13: =Ingredientes!R4 | C13: g
A14: SFA 15:0 | B14: =Ingredientes!S4 | C14: g
A15: SFA 16:0 | B15: =Ingredientes!T4 | C15: g
A16: SFA 17:0 | B16: =Ingredientes!U4 | C16: g
A17: SFA 18:0 | B17: =Ingredientes!V4 | C17: g
A18: SFA 20:0 | B18: =Ingredientes!W4 | C18: g
A19: SFA 21:0 | B19: =Ingredientes!X4 | C19: g
A20: SFA 22:0 | B20: =Ingredientes!Y4 | C20: g
A21: SFA 24:0 | B21: =Ingredientes!Z4 | C21: g
A22: Fatty acids, total monounsaturated | B22: =Ingredientes!AA4 | C22: g
A23: MUFA 16:1 c | B23: =Ingredientes!AB4 | C23: g
A24: MUFA 18:1 c | B24: =Ingredientes!AC4 | C24: g
A25: MUFA 20:1 c | B25: =Ingredientes!AD4 | C25: g
A26: Fatty acids, total polyunsaturated | B26: =Ingredientes!AE4 | C26: g
A27: PUFA 18:2 c | B27: =Ingredientes!AF4 | C27: g
A28: PUFA 18:2 n-6 c,c | B28: =Ingredientes!AG4 | C28: g
A29: PUFA 18:3 c | B29: =Ingredientes!AH4 | C29: g
A30: PUFA 18:3 n-3 c,c,c (ALA) | B30: =Ingredientes!AI4 | C30: g
A31: PUFA 20:3 c | B31: =Ingredientes!AJ4 | C31: g
A32: PUFA 20:3 n-6 | B32: =Ingredientes!AK4 | C32: g
A33: Stigmasterol | B33: =Ingredientes!AL4 | C33: mg
A34: Campesterol | B34: =Ingredientes!AM4 | C34: mg
A35: Brassicasterol | B35: =Ingredientes!AN4 | C35: mg
A36: Beta-sitosterol | B36: =Ingredientes!AO4 | C36: mg
A37: Campestanol | B37: =Ingredientes!AP4 | C37: mg
A38: Beta-sitostanol | B38: =Ingredientes!AQ4 | C38: mg
A39: Delta-5-avenasterol | B39: =Ingredientes!AR4 | C39: mg
A40: Phytosterols, other | B40: =Ingredientes!AS4 | C40: mg
